{"cameraMode":{"drawMode":0,"name":"Shaded","section":"Shading Mode"},"sceneLighting":false,"audioPlay":false,"sceneViewState":{"m_AlwaysRefresh":false,"showFog":true,"showSkybox":false,"showFlares":true,"showImageEffects":true,"showParticleSystems":true,"showVisualEffectGraphs":true,"m_FxEnabled":true},"in2DMode":false,"pivot":{"x":-1.3014192581176758,"y":0.11240195482969284,"z":4.819390773773193},"rotation":{"x":-0.19480939209461213,"y":-0.6003735065460205,"z":0.15378518402576447,"w":-0.7602706551551819},"size":0.36848941445350649,"orthographic":false}